index,ID,Watershed,Latitude,Longitude,DA_km,TSL_km,DD_km,BL_km,DS_km,ESG,Slope_a,Slope_sd,TWI_a,TWI_sd,z_SD,BRelief,BRRatio,Ruggedness,Melton,Hypso,PRM_km,DCP,DCR,DEL,OW01,PS01,DO01,DL01,DM01,DH01,BA01,DE01,EV01,MF01,SH01,GR01,PA01,CU01,WW01,HW01,OW06,PS06,DO06,DL06,DM06,DH06,BA06,DE06,EV06,MF06,SH06,GR06,PA06,CU06,WW06,HW06,OW11,PS11,DO11,DL11,DM11,DH11,BA11,DE11,EV11,MF11,SH11,GR11,PA11,CU11,WW11,HW11
1,BICO-101,Oconee River,33.8556,-83.3266,2027.19519,4293.40171,2.1179,121.02293,0.13841,0.0012,4.4329,3.03061,8.22728,2.25028,0.04087,0.25657,0.00212,0.12114,0.0057,0.40874,322.8,51.40099,0.24435,0.4199,0.65,0,8.91,6.18,1.29,0.41,0.9,37.9,6.66,0.78,0.24,7.73,24.66,0.06,3.6,0.03,0.7,0,10.41,7.36,1.64,0.46,0.78,36.5,6.04,0.73,0.27,7.58,23.9,0.06,3.54,0.02,0.68,0,12.5,8.36,2.74,0.71,0.6,34.95,5.48,0.66,0.72,7.31,21.63,0.06,3.48,0.15
2,BICO-201,Shoal Creek,33.969397,-83.303916,2.4372,4.30768,1.76747,2.71066,0.3317,0.0122,1.65877,1.20327,7.76102,1.93789,0.00607,0.02828,0.01043,0.016,0.01812,0.63845,9.72,38.76514,0.324,0.65003,2.37,0,9.5,4.62,0.67,0,0.22,23.47,4.14,0.59,0,6.54,40.13,6.1,1.66,0,2.37,0,12.97,7.28,0.67,0,0.22,23.25,4.07,0.59,0,6.47,37.69,2.77,1.66,0,2.37,0,19.59,7.28,1.22,0,0.33,22.91,4.03,0.59,0,5.8,32.93,1.29,1.66,0
3,BICO-301,Cedar Creek,33.924095,-83.320794,1.7712,3.26114,1.8412,2.71794,0.23977,0.0161,2.23512,1.70895,7.66242,1.97102,0.00814,0.04325,0.01591,0.02349,0.0325,0.59692,7.62,32.78252,0.38313,0.55266,0,0,37.89,25.59,9.77,6.51,0,12,3.2,0,0,1.73,1.63,0,1.68,0,0,0,37.89,25.59,9.77,7.53,0,12,3.2,0,0,0.71,1.63,0,1.68,0,0,0,36.78,24.52,12.46,7.02,0,12,3.2,0,0,0.71,1.63,0,1.68,0
4,MIDO-101,Middle Oconee River,33.9987,-83.4954,3.5343,7.52231,2.12837,3.42676,0.30098,0.0173,3.05667,1.77555,7.98863,2.21008,0.01221,0.06559,0.01914,0.03082,0.03489,0.46639,11.4,36.77107,0.34157,0.6192,0.15,0,17.58,2.93,0,0,0,41.15,12,1.12,0,7.87,14.5,0,2.7,0,0.15,0,17.58,2.93,0,0,0,41.15,12,1.12,0,7.87,14.5,0,2.7,0,0.15,0,16.46,2.45,1.71,0,0,41.15,12,1.12,0,7.87,14.4,0,2.7,0
5,MIDO-103,Middle Oconee River,34.0006,-83.503,907.71027,1933.82535,2.13044,69.85523,0.18602,0.0015,4.7407,3.14668,8.2449,2.2304,0.0375,0.21055,0.00301,0.09883,0.00699,0.37449,213.48,50.20733,0.25016,0.48679,0.58,0,7.43,6.47,0.95,0.31,1.15,39.68,5.54,0.53,0.27,7.91,25.93,0.06,3.18,0.01,0.56,0,9.74,8.45,1.56,0.39,0.97,37.34,4.87,0.48,0.26,7.58,24.65,0.06,3.1,0.02,0.52,0,12.57,9.92,2.94,0.69,0.69,35.38,4.39,0.44,0.46,7.22,21.55,0.05,3.02,0.16
6,MIDO-301,Bear Creek,33.967564,-83.497176,2.1249,3.79599,1.78643,2.50794,0.33783,0.02,4.46507,2.29951,8.05434,2.05066,0.01327,0.05746,0.02291,0.03217,0.03942,0.55502,7.44,26.04998,0.48215,0.65602,0.21,0,3.47,0.64,0,0,0.59,56.56,17.39,2.96,0.25,9.69,7.57,0,0.68,0,0.21,0,3.47,0.64,0,0,0.59,56.56,17.39,2.96,0.25,9.69,7.57,0,0.68,0,0.21,0,9.94,0.55,0,0,0.55,56.18,17.09,2.71,0.25,9.6,2.24,0,0.68,0
7,MIDO-305,Bear Creek,33.99584,-83.563958,3.3894,7.00742,2.06745,3.17522,0.33618,0.0108,2.54608,1.52568,7.98911,2.21324,0.00827,0.03689,0.01162,0.01784,0.02004,0.55887,10.92,35.18216,0.357,0.65441,0.77,0,5.08,4.1,0.05,0,0,11.97,2.29,0,0,6.7,68.92,0,0.13,0,0.77,0,5.08,4.1,0.05,0,0,11.97,2.29,0,0,6.7,68.92,0,0.13,0,0.67,0,9.33,6.36,0.11,0,1.14,8.91,2.07,0,0,7.84,63.44,0,0.13,0
8,MIDO-316,Bear Creek,33.9659,-83.515,13.6341,28.32163,2.07726,8.60808,0.184,0.0072,3.28353,2.02601,8.08373,2.0965,0.01402,0.07641,0.00888,0.03678,0.02069,0.56837,24.66,44.60255,0.2816,0.48414,0.4,0,13.26,4.88,0.93,0.18,0.12,37.81,9.38,1.46,0.13,6.32,22.85,0,2.29,0,0.4,0,13.26,4.88,0.93,0.18,0.09,37.85,9.35,1.4,0.13,6.55,22.7,0,2.29,0,0.4,0,17.34,5.34,1.1,0.17,0.09,36.88,8.56,1.17,0.43,6.26,19.99,0,2.29,0
9,MIDO-318,Bear Creek,33.965267,-83.522075,11.1357,22.80134,2.04759,7.61381,0.19209,0.0072,3.10131,1.87439,8.07971,2.09048,0.01304,0.06343,0.00833,0.03098,0.01901,0.52259,22.32,44.73741,0.28075,0.49468,0.14,0,12.79,5.67,1.11,0.15,0.15,35.34,8.29,1.16,0.11,5.67,27.05,0,2.41,0,0.14,0,12.79,5.67,1.11,0.15,0.11,35.39,8.25,1.08,0.11,5.95,26.86,0,2.41,0,0.14,0,16.36,6.34,1.25,0.15,0.11,34.43,7.59,1.04,0.51,5.76,23.92,0,2.43,0
10,MIDO-502,Barber Creek,33.899403,-83.443073,99.549,206.99826,2.07936,31.69517,0.09909,0.0024,2.84623,1.93005,8.03585,2.29926,0.01902,0.10729,0.00338,0.0516,0.01075,0.51332,92.1,85.20839,0.1474,0.3553,0.68,0,9.14,5.25,1.12,0.63,1.08,24.68,12.22,0.81,0.17,6.31,33.13,0.21,4.58,0,0.72,0,11.11,6.29,1.22,0.63,1.04,23.82,11.33,0.7,0.26,5.87,32.31,0.21,4.51,0,0.71,0,13.86,7.8,2.48,0.84,0.87,21.51,9.41,0.64,1.61,6.89,28.66,0.18,4.5,0.04
11,MIDO-503,Barber Creek,33.909981,-83.413318,108.3096,225.54589,2.08242,36.38617,0.08181,0.0021,3.00758,2.10542,8.05084,2.30114,0.02081,0.12331,0.00339,0.05922,0.01185,0.55512,98.64,89.83368,0.13981,0.32282,0.79,0,10.1,5.76,1.07,0.6,1,24.96,12.14,0.79,0.15,6.1,31.96,0.2,4.39,0,0.82,0,11.92,6.73,1.16,0.61,0.97,24.16,11.31,0.69,0.24,5.7,31.19,0.19,4.32,0,0.81,0,14.66,8.27,2.4,0.82,0.8,21.98,9.5,0.64,1.48,6.58,27.54,0.17,4.31,0.03
12,MIDO-504,Barber Creek,33.9112,-83.4057,108.9918,227.22457,2.08479,37.16314,0.07892,0.0022,3.02552,2.1239,8.05195,2.30211,0.02113,0.12807,0.00345,0.06143,0.01227,0.56922,99.6,91.01749,0.138,0.31707,0.78,0,10.12,5.78,1.07,0.6,1.02,25.15,12.1,0.79,0.15,6.08,31.75,0.19,4.42,0,0.81,0,11.93,6.74,1.16,0.6,0.99,24.35,11.28,0.68,0.24,5.68,30.99,0.19,4.36,0,0.81,0,14.65,8.27,2.38,0.81,0.8,22.19,9.49,0.63,1.5,6.56,27.37,0.17,4.35,0.03
13,MIDO-505,Barber Creek,33.902543,-83.523012,59.3721,126.30056,2.12727,20.92858,0.13555,0.0026,2.62272,1.76296,8.04032,2.30729,0.01609,0.07994,0.00382,0.03758,0.01038,0.46284,65.64,72.5696,0.17308,0.41554,0.88,0,5.88,4.88,1.48,0.98,0.74,24.2,9.73,0.69,0.24,6.86,38.47,0.19,4.78,0,0.88,0,7.11,5.56,1.58,0.99,0.75,23.58,9.41,0.65,0.36,6.33,37.9,0.19,4.71,0,0.87,0,11.46,7.18,2.84,1.24,0.63,21.31,7.61,0.63,1.68,6.74,32.95,0.14,4.67,0.06
14,MIDO-506,Barber Creek,33.8976,-83.4332,1.3509,2.2122,1.63758,2.11492,0.30202,0.0236,3.74403,2.45136,7.94671,2.10094,0.00982,0.04401,0.02081,0.02687,0.03786,0.64009,6.54,31.66156,0.3967,0.62027,1.47,0,2,4.66,0,0,0,16.06,6.86,0,0,3.4,64.69,0,0.87,0,1.47,0,3.07,4.8,0,0,0,15.92,6.33,0,0,3.26,64.29,0,0.87,0,1.4,0,5.93,7.53,0.87,0,0,15.12,5.46,0,0,1.87,60.96,0,0.87,0
15,MIDO-507,Barber Creek,33.890719,-83.506839,1.7523,3.14992,1.79759,2.21823,0.35612,0.0189,2.38486,1.87496,7.73743,2.07749,0.00728,0.03881,0.01749,0.02159,0.02932,0.70537,7.14,29.09296,0.43172,0.67354,0.31,0,5.02,4.25,0.26,0,1.59,21.27,25.63,0.62,0,7.02,33.62,0,0.41,0,0.31,0,5.02,4.25,0.26,0,1.59,22.81,24.09,0.62,0,7.02,33.62,0,0.41,0,0.31,0,5.28,4,0.26,0,1.59,22.19,24.09,0.62,0,7.64,33.62,0,0.41,0
16,MIDO-508,Barber Creek,33.8944,-83.5028,69.6582,146.409,2.10182,23.26591,0.12869,0.0023,2.62907,1.76541,8.02211,2.29848,0.01616,0.08528,0.00367,0.04058,0.01022,0.47382,72.84,76.16713,0.1649,0.40488,0.84,0,5.59,4.49,1.29,0.84,1.07,23.83,11.03,0.75,0.21,6.68,38.34,0.21,4.84,0,0.89,0,7.1,5.18,1.37,0.85,1.14,23.19,10.34,0.67,0.31,6.21,37.81,0.21,4.74,0,0.88,0,10.88,6.86,2.65,1.1,0.9,21.03,8.72,0.64,1.58,6.53,33.32,0.16,4.7,0.05
17,MIDO-509,Barber Creek,33.889696,-83.457203,4.4892,9.12448,2.03254,3.92345,0.29163,0.012,2.56911,1.72444,7.88296,2.16712,0.00963,0.04638,0.01182,0.02282,0.02189,0.62471,12.6,35.36487,0.35515,0.60951,0.84,0,25.05,2.41,0.32,0,0.2,27.24,20.08,0.58,0.16,4.69,14.2,0.76,3.47,0,0.84,0,25.77,2.77,0.32,0,0.2,27.74,19.05,0.58,0.16,5.22,13.22,0.66,3.47,0,0.82,0,23.13,2.69,0.52,0,0.44,21.52,9.61,0.18,6.7,15.02,15.14,0.76,3.47,0
18,MIDO-510,Barber Creek,33.9023,-83.4643,78.9669,165.75767,2.09908,28.67814,0.09602,0.0021,2.73649,1.84713,8.03851,2.31579,0.01747,0.10068,0.00351,0.04796,0.01133,0.52686,79.8,80.64189,0.15575,0.34973,0.77,0,6.73,4.76,1.2,0.76,0.95,24.25,11.36,0.79,0.19,6.51,36.6,0.18,4.95,0,0.82,0,8.55,5.7,1.28,0.77,1.01,23.48,10.53,0.72,0.28,6.08,35.75,0.18,4.86,0,0.81,0,12.09,7.66,2.48,1,0.8,21.29,8.9,0.68,1.51,6.45,31.32,0.14,4.83,0.05
19,MIDO-511,Barber Creek,33.9039,-83.4632,1.1682,2.22809,1.90728,1.58397,0.46561,0.0281,3.34991,2.09454,8.01465,2.04526,0.00927,0.04355,0.0275,0.02283,0.0403,0.63362,6.3,33.97535,0.36968,0.77015,0,0,15.11,15.34,2.31,0,1,30.69,7.56,1.62,0,5.86,20.51,0,0,0,0,0,15.96,16.35,3.55,0,0.69,28.37,6.32,1.62,0,6.63,20.51,0,0,0,0,0,15.5,18.5,8.64,1,0,27.29,5.63,1.62,0,5.86,15.96,0,0,0
20,MIDO-512,Barber Creek,33.9082,-83.4142,2.1924,4.90511,2.23732,2.84007,0.27181,0.0242,4.92235,3.17085,8.0894,1.96266,0.01659,0.07008,0.02468,0.03132,0.04733,0.57077,8.46,32.64532,0.38474,0.58843,3.86,0,30.19,3.66,0.33,0,0,23.98,17.41,0.99,0,3.37,16.14,0,0.08,0,3.86,0,30.39,3.9,0.33,0,0,23.98,16.8,0.99,0,3.86,15.81,0,0.08,0,3.86,0,32.81,6.45,0.49,0,0,23.9,15.69,0.99,0,3.08,12.65,0,0.08,0
21,MIDO-515,Barber Creek,33.8965,-83.4613,6.4215,12.12032,1.88746,5.84683,0.18784,0.0084,2.72261,1.87966,7.96887,2.19921,0.01156,0.05622,0.00962,0.02979,0.02219,0.57365,17.76,49.11899,0.25571,0.48917,0.07,0,10.39,3.42,0.21,0,2.76,24.63,14.82,0.76,0,6.55,31.26,0.22,4.91,0,0.07,0,10.39,3.42,0.21,0,2.76,24.54,13.18,0.53,0.35,6.55,32.86,0.22,4.91,0,0.07,0,11.37,4.25,1.6,0.07,2.74,20.36,10.04,0.46,1.54,11.21,30.91,0.22,5.16,0
22,MIDO-601,McNutt Creek,33.926339,-83.426795,35.9604,72.85355,2.02594,17.07045,0.12341,0.0037,2.96003,2.03323,7.98635,2.24797,0.01634,0.09394,0.0055,0.04637,0.01567,0.53662,47.58,62.95415,0.19951,0.39649,0.21,0,19.61,12.66,3.66,1.24,0.5,25.49,11.73,0.92,0,4.6,15.45,0,3.93,0,0.21,0,21.96,13.48,4.12,1.46,0.41,23.15,10.27,0.78,0.08,5.65,14.59,0,3.85,0,0.21,0,23.41,15.1,6.28,1.77,0.17,21.57,9.07,0.72,0.96,3.98,13.03,0,3.72,0.03
23,MIDO-604,McNutt Creek,33.9232,-83.441,34.2828,69.7227,2.03375,15.43464,0.14391,0.004,2.84374,1.91244,7.97587,2.24728,0.01575,0.08809,0.00571,0.04332,0.01505,0.5178,45.06,59.22514,0.21207,0.42816,0.22,0,19.51,12.3,3.7,1.3,0.47,25.14,11.61,0.92,0,4.66,16.12,0,4.06,0,0.22,0,21.83,13.07,4.19,1.53,0.37,22.72,10.23,0.78,0.09,5.79,15.22,0,3.97,0,0.22,0,23.26,14.75,6.32,1.84,0.12,21.1,9.14,0.71,1.01,4.05,13.63,0,3.84,0.03
24,MIDO-605,McNutt Creek,33.931303,-83.487696,21.0573,42.60445,2.02326,10.0536,0.20833,0.0043,2.47078,1.56592,7.92272,2.24409,0.01178,0.06746,0.00671,0.03334,0.0147,0.48186,30.78,44.99192,0.27916,0.51516,0.06,0,15.59,9.35,2.22,0.26,0.29,27.42,12.86,1.01,0,5.56,20.24,0,5.12,0,0.06,0,17.58,9.66,2.3,0.26,0.49,26.4,12.25,0.9,0.14,5.44,19.42,0,5.1,0,0.06,0,20.01,11.65,3.33,0.35,0.2,25.07,11.3,0.81,0.27,4.58,17.43,0,4.89,0.05
25,MIDO-606,McNutt Creek,33.929643,-83.479802,22.5054,45.41026,2.01775,10.91544,0.18889,0.0043,2.50995,1.58554,7.92893,2.24591,0.01208,0.06937,0.00635,0.03438,0.01462,0.48378,33.18,48.9177,0.25676,0.49053,0.15,0,15.67,9.41,2.69,0.54,0.27,27.03,13.18,1.04,0,5.6,19.51,0,4.91,0,0.15,0,18.33,10.03,2.82,0.54,0.46,25.64,12.12,0.92,0.13,5.48,18.51,0,4.87,0,0.15,0,20.16,11.94,4.49,0.67,0.19,24.34,11.11,0.82,0.26,4.63,16.52,0,4.67,0.05
26,MIDO-608,McNutt Creek,33.926628,-83.46101,27.9585,56.44143,2.01876,13.25883,0.15904,0.0036,2.61994,1.71236,7.94643,2.25306,0.01306,0.08082,0.0061,0.04004,0.01529,0.52483,38.1,51.92017,0.24191,0.45011,0.23,0,18.15,11.54,3.24,0.67,0.26,25.02,11.57,0.88,0,4.94,19.27,0,4.21,0,0.23,0,20.54,12.22,3.54,0.67,0.41,23.64,10.51,0.79,0.11,4.84,18.33,0,4.17,0,0.22,0,22.32,13.76,5.48,0.89,0.15,22.09,9.47,0.7,0.33,4.09,16.46,0,4.01,0.04
27,MIDO-609,McNutt Creek,33.9301,-83.5517,2.2725,4.0368,1.77637,2.91375,0.26767,0.0145,2.45181,1.49389,7.82722,2.07617,0.00894,0.04001,0.01373,0.02252,0.02654,0.50377,9.24,37.5699,0.33431,0.58394,0,0,9.2,4.2,2.38,0,0.56,33.07,7.61,0,0,5.67,35.96,0,1.35,0,0,0,9.2,4.2,2.38,0,0.56,33.07,7.61,0,0,5.67,35.96,0,1.35,0,0,0,16.65,7.97,2.82,0,0,31.44,6.42,0,0,4.01,29.34,0,1.35,0
28,MIDO-610,McNutt Creek,33.9245,-83.4549,31.0563,63.73271,2.05217,13.94067,0.1598,0.0042,2.70456,1.79316,7.95134,2.24621,0.01452,0.08435,0.00605,0.0411,0.01514,0.5195,41.94,56.6379,0.22176,0.45119,0.25,0,19.32,12.59,3.66,1.2,0.27,24.37,11.2,0.82,0,4.74,17.45,0,4.14,0,0.25,0,21.63,13.27,3.96,1.2,0.37,22.87,10,0.74,0.1,4.92,16.6,0,4.1,0,0.24,0,23.01,14.73,6.18,1.42,0.14,21.37,9.07,0.66,0.33,3.99,14.89,0,3.95,0.04
29,MIDO-611,McNutt Creek,33.9313,-83.5086,15.3072,30.98251,2.02405,7.80749,0.25112,0.0055,2.27956,1.43823,7.86151,2.2476,0.01124,0.05889,0.00754,0.02909,0.01505,0.44259,26.22,44.91275,0.27965,0.56559,0,0,14.43,7.62,1.72,0.19,0.3,27.52,12.2,1.11,0.01,6.2,22.97,0,5.74,0,0,0,14.92,7.76,1.78,0.19,0.3,27.51,12.03,1.11,0.19,6.14,22.37,0,5.7,0,0,0,17.84,9.23,2.37,0.19,0.18,26.46,11.73,1.05,0.34,5.28,19.85,0,5.41,0.07
30,MIDO-612,McNutt Creek,33.918074,-83.413804,38.6397,78.2652,2.02551,19.03109,0.10669,0.0037,3.14444,2.26177,7.99553,2.24777,0.01782,0.09915,0.00521,0.04895,0.01595,0.54057,52.74,71.98574,0.17448,0.36865,0.25,0,20.06,12.43,3.4,1.15,0.47,26.5,11.78,0.96,0,4.52,14.56,0,3.93,0,0.25,0,22.55,13.19,3.84,1.36,0.38,24.1,10.36,0.82,0.08,5.49,13.76,0,3.85,0,0.24,0,24.08,14.78,5.9,1.65,0.16,22.56,9.19,0.76,0.9,3.87,12.16,0,3.73,0.03
31,MIDO-613,McNutt Creek,33.925372,-83.522365,8.5536,16.87002,1.97227,6.10139,0.22977,0.0075,2.28223,1.43185,7.84627,2.21015,0.01104,0.05411,0.00887,0.02743,0.0185,0.4532,21.66,54.8489,0.22899,0.54102,0,0,14.06,6.99,1.21,0,0.49,26.36,8.25,0.66,0,6.89,29.97,0,5.12,0,0,0,14.6,7.25,1.21,0,0.49,26.15,8.25,0.66,0,6.8,29.53,0,5.06,0,0,0,18.77,9.88,1.97,0,0.27,24.58,8,0.61,0,5.63,25.63,0,4.54,0.13
32,MIDO-614,McNutt Creek,33.9132,-83.4034,39.5325,80.17207,2.028,20.54476,0.09366,0.0037,3.21578,2.3346,8.00236,2.25372,0.01854,0.10784,0.00525,0.05317,0.01715,0.56999,55.56,78.08546,0.16085,0.34542,0.25,0,19.96,12.81,3.4,1.13,0.54,26.5,11.56,1.01,0,4.65,14.28,0,3.93,0,0.25,0,22.39,13.56,3.82,1.33,0.45,24.15,10.17,0.87,0.08,5.59,13.5,0,3.86,0,0.24,0,23.9,15.08,5.86,1.61,0.2,22.65,9.03,0.8,0.95,3.98,11.94,0,3.74,0.03
33,MIDO-616,McNutt Creek,33.9296,-83.4567,0.8334,1.62595,1.95099,1.37397,0.44147,0.028,3.3828,2.02662,7.79649,2.05532,0.00993,0.0375,0.0273,0.01922,0.04108,0.57919,5.58,37.36069,0.33618,0.74992,1.4,0,25.38,31.86,12.1,7.67,0.32,12.53,3.89,0,0,2.81,2.05,0,0,0,1.4,0,25.81,31.97,12.53,7.67,0,12.53,3.67,0,0,2.38,2.05,0,0,0,1.4,0,24.62,31.32,14.36,7.67,0,12.53,3.67,0,0,2.38,2.05,0,0,0
34,MIDO-617,McNutt Creek,33.9339,-83.5459,0.5346,0.77912,1.45738,1.38853,0.27728,0.0215,2.27532,1.31805,7.3272,1.86075,0.00672,0.02732,0.01967,0.01874,0.03736,0.56183,4.38,35.88552,0.35,0.59433,0,0,14.26,17.28,3.02,0,2.18,11.91,7.05,0,0,4.2,40.1,0,0,0,0,0,14.26,17.28,3.02,0,2.18,11.91,7.05,0,0,4.2,40.1,0,0,0,0,0,14.26,17.11,3.86,0,2.18,11.75,7.05,0,0,4.2,39.6,0,0,0
35,MIDO-701,Calls Creek,33.8716,-83.4121,15.4512,30.63902,1.98295,6.37441,0.38026,0.0086,3.12211,2.08526,8.00306,2.14673,0.01172,0.05992,0.0094,0.03022,0.01524,0.63455,23.82,36.72158,0.34203,0.696,1.02,0,16.4,8.51,2.41,0.34,0.58,23.43,9.32,1.01,0.13,8.1,26.85,0.01,1.91,0,1.02,0,19.26,10.38,2.44,0.34,0.54,21.11,8.43,0.79,0.1,7.34,26.34,0.01,1.91,0,1.02,0,19.77,9.91,2.75,0.44,0.5,20.61,8.2,0.79,0.55,7.5,26.05,0.01,1.91,0
36,MIDO-702,McNutt Creek,33.911,-83.402,148.9068,308.29469,2.07039,37.65255,0.10503,0.0022,3.08242,2.18849,8.03977,2.28985,0.02121,0.12807,0.0034,0.06186,0.0105,0.54461,99.54,66.53969,0.18876,0.36579,0.64,0,12.77,7.71,1.7,0.74,0.89,25.51,11.94,0.84,0.11,5.68,27.04,0.14,4.29,0,0.66,0,14.75,8.61,1.88,0.79,0.84,24.31,10.96,0.73,0.19,5.65,26.27,0.14,4.23,0,0.65,0,17.15,10.13,3.31,1.02,0.64,22.33,9.35,0.68,1.35,5.86,23.2,0.12,4.19,0.03
37,MIDO-704,Middle Oconee River,33.903,-83.3797,0.2529,0.40971,1.62003,0.87426,0.33087,0.0397,3.47137,1.98295,7.84596,1.93285,0.00702,0.0354,0.04049,0.02185,0.0704,0.66872,2.58,26.32028,0.4772,0.64923,0,0,19.5,22.34,7.09,0,0,15.96,0,0,0,0,35.11,0,0,0,0,0,19.5,22.34,7.09,0,0,15.96,0,0,0,0,35.11,0,0,0,0,0,19.86,16.67,12.41,0,0,15.96,0,0,0,0,35.11,0,0,0
38,MIDO-706,Calls Creek,33.8684,-83.4194,10.116,20.19223,1.99607,5.50529,0.33377,0.0099,3.05316,2.04473,7.96302,2.11794,0.01119,0.054,0.00981,0.02705,0.01698,0.64117,18.78,34.86441,0.36025,0.65206,1.12,0,13.65,6.18,0.85,0.11,0.71,25.37,11.83,1.05,0.19,9.65,26.84,0.01,2.46,0,1.12,0,17.46,8.7,0.89,0.11,0.66,22.54,10.52,0.71,0.14,8.38,26.3,0.01,2.46,0,1.12,0,18.09,8.35,1.24,0.16,0.6,21.81,10.17,0.71,0.84,8.6,25.85,0.01,2.46,0
39,MIDO-707,Calls Creek,33.881494,-83.389259,22.2948,44.31349,1.98762,9.55389,0.24425,0.0062,3.43518,2.42419,8.04125,2.14437,0.01396,0.07433,0.00778,0.0374,0.01574,0.64509,30.42,41.50638,0.3026,0.55781,0.92,0,17.24,9.64,2.33,0.26,0.6,25.2,7.92,1.09,0.13,8.79,24.5,0,1.39,0,0.92,0,19.6,11.16,2.35,0.26,0.55,23.52,7.29,0.93,0.11,8.24,23.67,0,1.39,0,0.92,0,20.41,10.8,2.73,0.38,0.53,22.89,7.12,0.91,0.65,8.26,23.03,0,1.39,0
40,MIDO-708,Middle Oconee River,33.901515,-83.379673,0.3699,0.61456,1.66142,1.07912,0.31765,0.0462,4.5218,2.83114,7.76258,2.04336,0.01006,0.04765,0.04416,0.02868,0.07835,0.66628,3.42,31.62044,0.39721,0.63612,0,0,16.99,17.96,5.58,0,0,33.25,0,0,0,0,26.21,0,0,0,0,0,16.99,17.96,5.58,0,0,33.25,0,0,0,0,26.21,0,0,0,0,0,16.02,15.05,12.14,1.21,0,29.85,0,0,0,0,25.73,0,0,0
41,MIDO-709,Calls Creek,33.865864,-83.403549,0.5337,0.67713,1.26875,1.12154,0.42429,0.0254,2.03762,1.6197,7.85298,1.88246,0.00547,0.02474,0.02206,0.0195,0.03386,0.73902,3.84,27.62901,0.45459,0.73519,0,0,23.06,38.22,7.58,0.17,0,12.46,0.67,0,0,14.31,3.54,0,0,0,0,0,23.06,38.22,7.58,0.17,0,12.46,0.67,0,0,14.31,3.54,0,0,0,0,0,25.76,35.69,9.09,1.35,0,11.95,0.67,0,0,12.46,3.03,0,0,0
42,MIDO-712,Calls Creek,33.867866,-83.416313,1.0971,2.16809,1.9762,2.17279,0.23239,0.0227,3.8608,2.89584,7.95956,2.20748,0.0096,0.04114,0.01893,0.02082,0.03927,0.66505,5.52,27.77358,0.45223,0.54409,0,0,43.8,8.71,7.07,0,0.49,32.29,0.74,1.23,0,2.38,3.29,0,0,0,0,0,48.89,11.75,7.07,0,0.49,27.61,0.74,1.23,0,1.07,1.15,0,0,0,0,0,49.22,10.11,7.48,0.9,0.49,27.53,0.74,1.23,0,1.15,1.15,0,0,0
43,MIDO-718,McNutt Creek,33.900253,-83.397883,1.7559,3.14415,1.79062,1.97309,0.45103,0.0356,4.59155,2.34084,8.06731,1.8673,0.01559,0.06848,0.03471,0.03824,0.05168,0.53058,7.2,29.52332,0.42543,0.758,1.39,0,21.92,12.47,2.41,0,1.59,31.78,8.98,0.67,0,8.73,9.7,0,0.36,0,1.39,0,23.61,13.14,2.41,0,1.59,31.16,7.91,0.15,0,8.68,9.6,0,0.36,0,1.08,0,33.52,14.78,3.95,0,1.03,27.67,7.55,0.15,0,4.72,5.19,0,0.36,0
44,MIDO-719,Middle Oconee River,33.8906,-83.3765,1211.16589,2562.31351,2.11558,95.44048,0.13297,0.0015,4.4457,3.04835,8.20764,2.24234,0.03976,0.2453,0.00257,0.11595,0.00705,0.41654,271.02,60.64557,0.20711,0.41156,0.59,0,9.37,6.97,1.24,0.42,1.07,37.01,6.69,0.64,0.23,7.51,24.92,0.06,3.28,0.01,0.61,0,11.52,8.68,1.74,0.5,0.89,34.98,5.99,0.58,0.23,7.21,23.82,0.06,3.21,0.02,0.59,0,14.19,10.04,3.1,0.77,0.65,33.14,5.38,0.53,0.55,6.92,20.85,0.05,3.14,0.12
45,MIDO-801,Middle Oconee River,33.957569,-83.438292,1001.26172,2126.79348,2.12411,82.71043,0.14636,0.0015,4.65422,3.10969,8.23611,2.23651,0.03858,0.2325,0.00281,0.10946,0.00735,0.41584,236.58,55.89957,0.22469,0.4318,0.58,0,7.93,6.37,0.96,0.32,1.12,39.3,5.86,0.58,0.26,7.96,25.48,0.05,3.23,0.01,0.6,0,10.13,8.21,1.52,0.4,0.93,37.12,5.2,0.53,0.24,7.62,24.28,0.05,3.15,0.02,0.57,0,13.02,9.65,2.84,0.67,0.68,35.24,4.72,0.48,0.45,7.25,21.18,0.05,3.07,0.14
46,MIDO-802,Hunnicut Creek,33.958,-83.4368,6.6789,14.00598,2.09705,4.82558,0.28682,0.012,3.66446,2.05215,8.30884,2.01873,0.01367,0.06412,0.01329,0.03058,0.02481,0.55299,15.48,35.87872,0.35007,0.60446,0.36,0,34.12,21.07,5.77,1.69,1.23,19.44,12.18,1.47,0,1.25,0.28,0,1.13,0,0.36,0,37.6,24.03,6.24,1.69,0.05,16.91,10.22,0.72,0,1.07,0.12,0,1,0,0.36,0,34.93,23.07,9.95,2.08,0,16.6,10.09,0.72,0,1.09,0.12,0,1,0
47,MIDO-803,Brooklyn Creek,33.9476,-83.3995,2.7936,5.23183,1.87279,2.48735,0.45153,0.0194,2.70124,1.8045,8.0095,1.93831,0.00904,0.04792,0.01927,0.02559,0.02867,0.58726,9.6,32.98969,0.38073,0.75842,0,0,40.58,43.51,10.66,2.16,0,2.48,0.61,0,0,0,0,0,0,0,0,0,40.58,43.51,10.66,2.16,0,2.48,0.61,0,0,0,0,0,0,0,0,0,39.1,41.32,13.27,3.22,0,2.48,0.61,0,0,0,0,0,0,0
48,MIDO-804,Hunnicut Creek,33.9743,-83.425,1.5435,2.44173,1.58194,2.26066,0.30202,0.0214,3.36475,1.72046,8.36595,1.8527,0.01016,0.04828,0.02136,0.03052,0.03886,0.57363,6.78,29.78193,0.42173,0.62027,0,0,40.28,16.23,3.62,0.47,1.93,22.3,11.03,3.15,0,0.93,0.06,0,0,0,0,0,47.64,19.38,3.62,0.47,0,17.4,9.28,1.75,0,0.41,0.06,0,0,0,0,0,43.49,20.78,6.95,0.47,0,17.34,8.76,1.75,0,0.41,0.06,0,0,0
49,MIDO-805,Hunnicut Creek,33.974478,-83.42407,0.7614,1.68702,2.21568,1.94522,0.20122,0.0242,3.27409,1.72851,8.12939,1.81552,0.0104,0.0478,0.02457,0.02157,0.05477,0.5463,5.1,34.16076,0.36767,0.50629,1.89,0,36.75,15.55,5.18,2,0.35,17.08,20.5,0,0,0.71,0,0,0,0,1.89,0,36.75,15.55,5.54,2,0,17.08,20.5,0,0,0.71,0,0,0,0,1.89,0,35.69,14.25,7.77,2.12,0,17.08,20.5,0,0,0.71,0,0,0,0
50,MIDO-806,Middle Oconee River,33.952803,-83.480719,4.1265,8.04492,1.94957,3.56434,0.32481,0.0163,3.81198,2.84735,8.05115,2.13974,0.01204,0.06168,0.01731,0.03164,0.03037,0.63058,13.8,46.15049,0.27215,0.64325,1.09,0,18.71,8.67,6.31,0.92,0.7,33.71,11.57,0.13,0,12.31,4.17,0,1.7,0,1.09,0,18.89,8.82,6.57,0.92,0.7,34.04,11.55,0.13,0,11.42,4.17,0,1.7,0,1.09,0,21,8.32,7.45,1.68,0.28,33.34,9.15,0.13,1.79,11.64,2.42,0,1.7,0
51,MIDO-807,Hunnicut Creek,33.9661,-83.4312,4.4442,9.38977,2.11282,3.61191,0.34066,0.0156,3.3579,1.7115,8.33938,1.99609,0.01254,0.05685,0.01574,0.02691,0.02697,0.54387,13.98,43.97651,0.28561,0.65876,0.55,0,31.48,18.63,6.12,2.07,1.62,21.3,13,1.88,0,1.24,0.43,0,1.7,0,0.55,0,36.55,22.8,6.28,2.07,0,17.88,10.35,0.91,0,0.95,0.18,0,1.5,0,0.55,0,33.63,21.5,10.37,2.39,0,17.84,10.16,0.91,0,0.97,0.18,0,1.5,0
52,MIDO-810,Middle Oconee River,33.96128,-83.471822,6.1884,12.27503,1.98355,5.04286,0.24335,0.0103,3.70498,2.6414,8.09921,2.17996,0.0154,0.06473,0.01284,0.03264,0.02602,0.54388,16.02,41.47121,0.30286,0.55677,0.93,0,20.68,7.03,4.34,0.61,0.47,32.03,9.4,0.16,0,10.01,11.7,0,2.63,0,0.93,0,21.16,7.23,4.51,0.61,0.47,32.12,9.26,0.16,0,9.39,11.63,0,2.53,0,0.93,0,23.01,7.13,5.23,1.12,0.19,31.58,7.64,0.16,1.19,9.59,9.69,0,2.53,0
53,MIDO-811,Middle Oconee River,33.9567,-83.4177,0.441,0.85518,1.93919,1.15882,0.3284,0.0366,2.80534,1.63934,7.94619,1.66767,0.00821,0.03784,0.03265,0.01951,0.05698,0.65895,3.48,27.46122,0.45737,0.6468,0,0,38.34,33.06,10.95,1.62,0,14.2,0,1.83,0,0,0,0,0,0,0,0,42.19,34.48,10.95,1.62,0,9.13,0,1.62,0,0,0,0,0,0,0,0,38.34,34.89,14.81,1.22,0,9.13,0,1.62,0,0,0,0,0,0
54,MIDO-812,Middle Oconee River,33.9347,-83.4084,6.2541,11.82867,1.89135,4.43559,0.31788,0.0166,3.67827,2.46784,8.03434,1.91139,0.01352,0.07502,0.01691,0.03967,0.03,0.65097,14.7,34.55173,0.36351,0.63635,0.17,0,42.74,30.76,9.64,3.12,0,8.4,4.56,0.42,0,0,0,0,0.19,0,0.17,0,42.74,30.76,9.64,3.12,0,8.4,4.56,0.42,0,0,0,0,0.19,0,0.17,0,41.61,29.06,11.65,3.94,0,8.4,4.56,0.42,0,0,0,0,0.19,0
55,MIDO-813,Middle Oconee River,33.9638,-83.444,1.5471,2.28294,1.47563,2.53279,0.24117,0.0191,3.6102,1.53823,8.31133,1.91378,0.01256,0.05722,0.02259,0.03878,0.046,0.53285,7.38,35.20419,0.35678,0.55427,0,0,38.35,14.12,0.64,0,0,25.39,19.06,0.64,0,1.16,0.58,0,0.06,0,0,0,41.26,14.76,0.64,0,0,23.42,17.55,0.64,0,1.1,0.58,0,0.06,0,0,0,39.57,15.17,1.92,0,0,23.24,17.55,0.64,0,1.28,0.58,0,0.06,0
56,MIDO-814,Brooklyn Creek,33.94,-83.4091,0.2979,0.27107,0.90992,0.89912,0.3685,0.0372,2.66274,1.7807,7.72395,1.70259,0.00564,0.02714,0.03018,0.02982,0.04972,0.63935,2.76,25.571,0.49118,0.68515,0,0,22.82,34.54,15.32,15.62,0,6.91,4.81,0,0,0,0,0,0,0,0,0,22.82,34.54,15.32,15.62,0,6.91,4.81,0,0,0,0,0,0,0,0,0,19.82,29.73,20.12,18.62,0,6.91,4.81,0,0,0,0,0,0,0
57,MIDO-816,Turkey Creek,33.9742,-83.453804,9.9675,20.90921,2.09774,4.95375,0.40618,0.0134,3.83664,2.21083,8.14727,2.0573,0.01587,0.07195,0.01452,0.0343,0.02279,0.54673,19.62,38.61996,0.32522,0.71932,0.34,0,20.28,7.73,0.34,0.05,0.8,32.64,15.82,1.9,0.27,10.49,8.32,0,1.01,0,0.33,0,25.09,9.85,0.61,0.05,0.38,30.74,14.3,1.89,0.19,7.95,7.66,0,0.99,0,0.33,0,27.32,12.06,3.04,0.02,0.13,29.2,13.49,1.72,0.47,5.82,5.55,0,0.87,0
58,MIDO-817,Turkey Creek,33.988238,-83.448018,2.0385,3.4707,1.70257,2.47279,0.33338,0.021,3.67553,2.26484,7.85007,2.07453,0.01129,0.0522,0.02111,0.03066,0.03656,0.54302,8.46,35.10993,0.35773,0.65168,1.15,0,15.59,8.92,0,0.22,0,36.44,10.69,1.33,0.27,16.74,8.04,0,0.62,0,1.06,0,27.03,14.93,1.28,0.22,0,30.57,4.99,1.28,0.27,12.15,5.61,0,0.62,0,1.06,0,26.81,19.08,9.98,0.09,0,26.86,3.75,0.66,0,7.86,3.62,0,0.22,0
59,MIDO-818,Brooklyn Creek,33.9363,-83.4039,5.6286,10.5597,1.87608,4.03103,0.34639,0.014,3.56857,2.31804,8.03482,1.91961,0.01257,0.07101,0.01761,0.03785,0.02993,0.65118,13.92,34.42533,0.36485,0.66428,0.19,0,43.24,32.17,9.9,2.64,0,7.56,3.63,0.46,0,0,0,0,0.21,0,0.19,0,43.24,32.17,9.9,2.64,0,7.56,3.63,0.46,0,0,0,0,0.21,0,0.19,0,42.25,30.43,11.88,3.39,0,7.56,3.63,0.46,0,0,0,0,0.21,0
60,MIDO-820,Turkey Creek,33.9893,-83.457,3.6144,7.06352,1.95427,2.98493,0.40567,0.0182,3.8278,2.19537,8.1378,1.95351,0.01176,0.05664,0.01897,0.02898,0.02979,0.62886,10.68,31.55777,0.398,0.71887,0,0,15.81,4.43,0.27,0,0.52,38.46,16.06,2.42,0.12,9.63,11.58,0,0.7,0,0,0,19.29,5.53,0.27,0,0.52,36.97,15.19,2.42,0.12,7.57,11.43,0,0.7,0,0,0,23.33,6.55,1.29,0,0.12,35.57,14.64,2.29,1.05,5.95,8.51,0,0.7,0
61,MIDO-821,Middle Oconee River,33.956118,-83.457856,1.7685,3.05051,1.72492,2.44581,0.29564,0.0216,4.31744,2.63263,8.12145,2.04873,0.01324,0.05629,0.02302,0.03263,0.04233,0.56709,7.86,34.93333,0.35954,0.61368,0,0,31.52,19.91,9.73,4.79,0.36,23.68,6.52,0,0,0.82,0,0,2.7,0,0,0,31.82,19.91,9.73,4.79,0.36,23.37,6.52,0,0,0.82,0,0,2.7,0,0,0,31.21,18.89,11.05,5.04,0.36,22.66,6.52,0,0.76,0.82,0,0,2.7,0
62,MIDO-825,Brooklyn Creek,33.95664,-83.402509,0.4626,0.55048,1.18996,1.14125,0.35518,0.0258,2.55943,1.36472,8.3736,2.02064,0.00593,0.02937,0.02574,0.02468,0.04319,0.63105,3.6,28.01556,0.44832,0.67265,0,0,60.47,33.14,1.94,0,0,2.91,1.55,0,0,0,0,0,0,0,0,0,60.47,33.14,1.94,0,0,2.91,1.55,0,0,0,0,0,0,0,0,0,60.08,32.75,2.71,0,0,2.91,1.55,0,0,0,0,0,0,0
63,MIDO-826,Brooklyn Creek,33.9558,-83.4005,0.8658,1.3011,1.50277,1.35853,0.46912,0.0261,2.67183,1.44081,8.09725,2.09822,0.00725,0.03347,0.02464,0.02227,0.03597,0.5635,4.98,28.64449,0.43848,0.77305,0,0,53.78,36.58,6.01,0.73,0,2.07,0.83,0,0,0,0,0,0,0,0,0,53.78,36.58,6.01,0.73,0,2.07,0.83,0,0,0,0,0,0,0,0,0,53.37,34.4,7.05,2.28,0,2.07,0.83,0,0,0,0,0,0,0
64,MIDO-828,Middle Oconee River,33.9246,-83.3896,1.2177,2.48478,2.04055,1.58309,0.48588,0.0538,4.93118,2.93118,8.03231,1.84044,0.01629,0.07033,0.04443,0.03447,0.06373,0.58445,5.82,27.8167,0.45153,0.78674,1.11,0,50.7,20.49,1.77,0,0,20.34,3.17,1.03,0,0.44,0.96,0,0,0,1.11,0,50.7,20.49,1.77,0,0,20.34,3.17,1.03,0,0.44,0.96,0,0,0,1.11,0,49.82,20.27,2.87,0,0,20.34,3.17,1.03,0,0.44,0.96,0,0,0
65,MIDO-831,Brooklyn Creek,33.9418,-83.4016,3.8628,6.92764,1.79342,3.24162,0.3676,0.0177,3.09101,2.01327,8.04432,1.92233,0.01074,0.05651,0.01743,0.03151,0.02875,0.6006,10.86,30.53215,0.41137,0.68431,0,0,36.63,40.96,13.72,3.68,0,3.19,1.42,0.4,0,0,0,0,0,0,0,0,36.63,40.96,13.72,3.68,0,3.19,1.42,0.4,0,0,0,0,0,0,0,0,35.18,38.51,16.52,4.78,0,3.19,1.42,0.4,0,0,0,0,0,0
66,NORO-102,North Oconee River,34.0337,-83.4399,503.92532,1075.41745,2.13408,86.08743,0.068,0.0015,4.8512,3.25761,8.99358,2.25515,0.04216,0.21861,0.00254,0.10244,0.00974,0.34378,211.02,88.36516,0.14214,0.29431,0.47,0,5.87,3.02,0.71,0.16,0.6,43.54,6.04,0.86,0.31,8.72,25.35,0.02,4.28,0.03,0.6,0,6.41,3.42,0.81,0.17,0.58,43.04,5.6,0.84,0.33,8.9,25.03,0.02,4.25,0.02,0.6,0,7.94,4.12,1.18,0.33,0.51,41.78,5.17,0.75,0.99,8.58,23.67,0.02,4.18,0.2
67,NORO-108,North Oconee River,33.994,-83.4007,3.2787,5.05786,1.54264,3.32948,0.29577,0.0143,2.7878,1.81055,8.05733,2.06637,0.01139,0.05223,0.01569,0.03386,0.02884,0.51231,10.44,33.24293,0.37782,0.61382,0,0,20.03,21.81,2.09,0.44,1.54,24.66,8.37,1.21,0.33,12.7,4.23,0,2.61,0,0,0,29.93,28.48,2.22,0.71,0.6,17.12,6.89,1.15,2.22,6.97,1.54,0,2.17,0,0,0,28.37,28.59,3.68,0.8,0.3,19.34,6.86,1.15,0.52,6.69,1.54,0,2.17,0
68,NORO-109,North Oconee River,34.029,-83.4744,4.9185,9.74418,1.98113,3.42978,0.41812,0.0158,3.42647,1.88855,8.99358,2.01523,0.01211,0.06578,0.01918,0.0332,0.02966,0.47645,13.08,34.78426,0.36108,0.72982,0.15,0,3.15,3.06,0.22,0,0,17.14,58.82,2.16,0.07,2.13,11.29,0,1.8,0,0.15,0,3.15,3.06,0.22,0,0,17.14,58.82,2.16,0.07,2.13,11.29,0,1.8,0,0.15,0,2.53,2.88,1.03,0,0,16.94,47.21,1.91,11.85,2.42,11.29,0,1.8,0
69,NORO-110,North Oconee River,34.0672,-83.463,463.69708,991.16873,2.13753,80.87763,0.07089,0.0016,4.93087,3.31403,8.2996,2.25374,0.04205,0.21691,0.00268,0.10148,0.01007,0.3537,192.9,80.24724,0.15652,0.30051,0.49,0,5.91,3.14,0.76,0.17,0.64,43.98,5.39,0.85,0.32,8.69,25.4,0.02,4.22,0.02,0.63,0,6.48,3.53,0.86,0.18,0.61,43.51,4.94,0.83,0.32,8.86,25.03,0.02,4.18,0.02,0.63,0,7.97,4.22,1.2,0.35,0.54,42.24,4.66,0.74,0.91,8.54,23.69,0.02,4.1,0.2
70,NORO-111,North Oconee River,34.061296,-83.442647,8.3682,16.96587,2.02742,5.55801,0.27089,0.0109,4.34622,2.18447,8.16765,2.06267,0.01616,0.07414,0.01334,0.03657,0.02563,0.53911,18.54,41.07593,0.30578,0.58744,0.26,0,5.92,2.44,0.34,0,0.37,45.76,6.9,0.62,0.11,9.11,26.07,0,2.11,0,0.26,0,6.1,3.18,0.48,0,0.31,44.58,6.59,0.56,0.11,9.7,26.01,0,2.11,0,0.26,0,7.07,4.01,1.94,0,0.24,42.59,6.59,0.4,0.7,10,24.1,0,2.11,0
71,NORO-114,North Oconee River,34.0106,-83.4067,525.68097,1122.74951,2.1358,92.02966,0.06207,0.0014,4.79645,3.23408,8.99358,2.25995,0.04256,0.22301,0.00242,0.10442,0.00973,0.34762,220.38,92.38939,0.13595,0.28119,0.49,0,6.02,2.98,0.71,0.16,0.59,43.34,6.19,0.89,0.31,8.62,25.19,0.02,4.44,0.06,0.61,0,6.57,3.39,0.81,0.17,0.57,42.79,5.65,0.85,0.37,8.87,24.88,0.02,4.42,0.03,0.61,0,8.02,4.05,1.18,0.33,0.5,41.56,5.24,0.77,1.1,8.5,23.57,0.02,4.35,0.21
72,NORO-115,North Oconee River,34.028843,-83.464219,8.6868,17.39289,2.00222,4.65375,0.4011,0.0125,3.76266,2.06518,8.99358,2.03951,0.01333,0.07447,0.016,0.03719,0.02527,0.49802,17.52,35.33527,0.35545,0.71481,0.08,0,3.63,2.77,0.12,0,0.08,28.09,37.19,1.6,0.24,6.06,18.29,0,1.86,0,0.08,0,3.63,2.77,0.12,0,0.08,28.09,37.19,1.6,0.24,6.06,18.29,0,1.86,0,0.08,0,3.19,2.69,0.64,0,0.08,26.78,30.56,1.45,7.13,7.25,18.29,0,1.86,0
73,NORO-117,North Oconee River,34.048388,-83.473861,4.2921,7.76488,1.80911,3.03765,0.46515,0.0141,2.85413,1.68464,7.83193,2.06847,0.00916,0.04496,0.0148,0.02485,0.0217,0.63943,11.46,30.59845,0.41048,0.76977,0.38,0,6.71,3.04,0.76,0.38,0,31.56,6.98,0.86,0.27,7.59,39.4,0,2.08,0,0.38,0,8.12,3.04,0.76,0.38,0,30.93,6.21,0.86,0.27,7.59,39.4,0,2.08,0,0.38,0,8.49,2.92,1.03,0.38,0,30.91,6.1,0.86,0.27,7.36,39.23,0,2.08,0
74,NORO-201,Sandy Creek,34.1266,-83.3944,15.2559,31.57435,2.06965,8.94146,0.19082,0.0055,3.77233,2.08304,8.16754,2.13163,0.01367,0.07422,0.0083,0.03586,0.019,0.49779,26.04,44.44717,0.28258,0.49303,1.39,0,4.64,2.53,0.84,0.37,1.68,33.07,9.76,1.59,0.08,10.7,31.14,0.38,1.84,0,1.63,0,4.69,2.7,0.97,0.37,1.24,35.76,9.35,1.62,0.08,8.05,31.3,0.38,1.84,0,1.29,0,5.17,3.64,2.28,1.34,0.6,33.99,6.56,1.1,0.75,11.6,29.44,0.41,1.81,0.03
75,NORO-301,Sandy Creek,34.058288,-83.388716,85.65391,180.82527,2.11112,22.5654,0.16821,0.0024,3.7686,2.04788,8.18819,2.15712,0.01791,0.09408,0.00417,0.04456,0.01016,0.49358,68.82,55.29453,0.22715,0.46291,0.94,0,5.51,3.03,0.52,0.14,0.52,32.13,4.64,0.86,0.23,7.65,40.72,0.3,2.81,0.01,0.99,0,5.57,3.13,0.54,0.14,0.44,32.43,4.38,0.83,0.22,7.48,40.74,0.3,2.8,0.01,0.93,0,7.41,3.66,1.11,0.33,0.31,31.35,3.64,0.69,0.58,7.77,39.08,0.3,2.77,0.08
76,NORO-401,Sandy Creek,33.9805,-83.382,167.15071,352.95404,2.11159,33.53135,0.14866,0.002,3.68846,2.09756,18.92178,2.20793,0.02018,0.10951,0.00327,0.05186,0.00847,0.50525,98.64,58.21004,0.21577,0.43518,1.43,0,6.96,3.69,0.56,0.14,0.67,34.31,6.42,1.11,0.17,7.76,33.15,0.17,3.4,0.05,1.45,0,7.17,3.82,0.6,0.14,0.55,34.58,6.07,1.08,0.21,7.58,33.14,0.17,3.4,0.04,1.41,0,8.87,4.23,1.05,0.28,0.4,33.6,5.56,0.98,0.65,7.65,31.66,0.17,3.37,0.12
77,NORO-402,Sandy Creek,34.0647,-83.3659,1.4508,3.05992,2.10913,2.30007,0.27424,0.0182,2.58736,1.39463,8.00411,1.9745,0.00929,0.04217,0.01833,0.01999,0.03501,0.53687,6.6,30.02482,0.41832,0.59105,0.31,0,3.72,2.29,0,0,0,39.41,8.18,0.62,0,1.86,40.03,0,3.59,0,0.31,0,3.72,2.29,0,0,0,39.41,8.18,0.62,0,1.86,40.03,0,3.59,0,0.31,0,3.72,2.29,0,0,0,39.41,8.18,0.62,0,1.86,40.03,0,3.59,0
78,NORO-403,Sandy Creek,34.0634,-83.3452,1.4391,2.22187,1.54393,2.18823,0.30054,0.0188,3.42733,1.5386,7.9834,1.83187,0.00946,0.04368,0.01996,0.02829,0.03641,0.56794,7.26,36.62539,0.34293,0.61875,0,0,6.5,2.94,0.06,0,0,47.13,2.38,0.56,0.31,3.13,33.44,0,3.56,0,0,0,6.5,2.94,0.06,0,0,47.13,2.38,0.56,0.31,3.13,33.44,0,3.56,0,0,0,8.81,2.88,0.06,0,0,47.13,2.31,0.56,0.31,3.13,31.63,0,3.19,0
79,NORO-405,Sandy Creek,34.0086,-83.365,10.1682,20.60024,2.02595,7.21139,0.19553,0.0074,3.23371,1.87672,8.11348,2.09767,0.01293,0.06743,0.00935,0.03328,0.02115,0.64842,22.38,49.25792,0.25498,0.49908,0,0,15.14,10.28,0.88,0.07,0.14,35.56,9.45,1.14,0.07,7.14,17.63,0,2.5,0,0.11,0,15.46,10.37,0.88,0.07,0.14,35.43,9.45,1.14,0.07,6.84,17.53,0,2.5,0,0.11,0,18.15,10.58,1.31,0.12,0.14,34.98,8.86,1.06,0.63,5.65,15.96,0,2.42,0.04
80,NORO-407,Sandy Creek,34.0211,-83.3687,21.4659,43.22372,2.0136,12.21397,0.14389,0.005,3.66199,2.05213,8.155,2.11005,0.01651,0.08257,0.00676,0.04101,0.01782,0.57247,33.18,51.28657,0.2449,0.42814,1.1,0,6.82,2.52,0.25,0.09,0.84,40.04,9.28,1.33,0.14,7.37,27.6,0,2.62,0,1.1,0,6.82,2.52,0.25,0.09,0.5,40.3,8.97,1.33,0.16,7.77,27.58,0,2.62,0,1.1,0,9.12,2.55,0.4,0.09,0.53,39.53,8.9,1.3,1.09,7,25.81,0,2.59,0
81,NORO-501,Trail Creek,33.9772,-83.3318,7.0848,14.77631,2.08564,4.75831,0.31291,0.0103,2.48706,1.64477,7.87434,2.17986,0.01047,0.0504,0.01059,0.02417,0.01894,0.61507,16.2,37.04268,0.33907,0.63136,1.56,0,7.83,6.09,2.72,1.65,0,20.54,12.87,0.84,0.08,10.56,31.4,1.25,2.55,0.06,1.56,0,8.17,6.23,2.72,1.65,0,20.73,12.82,0.84,0.08,10.47,30.92,1.2,2.55,0.06,1.56,0,7.92,6.13,3.83,2.19,0.28,20.14,10.29,0.71,2.5,10.62,30.16,1.06,2.55,0.06
82,NORO-502,North Oconee River,33.969775,-83.38721,0.7749,1.06518,1.37461,1.48368,0.35202,0.0241,2.27189,1.27883,7.29836,2.28576,0.00719,0.0317,0.02137,0.02306,0.03601,0.60271,4.8,29.73287,0.42243,0.66965,0,0,23.81,49.71,16.61,5.69,0,4.18,0,0,0,0,0,0,0,0,0,0,23.81,49.71,16.61,5.69,0,4.18,0,0,0,0,0,0,0,0,0,0,18.7,46.69,23.23,7.2,0,4.18,0,0,0,0,0,0,0,0
83,NORO-503,Trail Creek,33.954721,-83.365014,32.6457,64.92686,1.98883,11.37824,0.25216,0.0051,2.98072,1.85392,8.07746,2.18971,0.01486,0.08024,0.00705,0.04035,0.01404,0.54869,38.52,45.45133,0.27634,0.56677,0.67,0,17.18,14.62,5.01,1.88,0.2,26.16,10.03,1.36,0.14,8.36,11.58,0.28,2.53,0.01,0.67,0,17.68,14.96,5.18,1.94,0.41,25.42,9.77,1.32,0.27,8.24,11.36,0.27,2.5,0.01,0.67,0,17.55,14.41,7.77,2.71,0.22,24.45,7.63,1.26,1.25,8.68,10.55,0.24,2.48,0.13
84,NORO-504,Trail Creek,33.9526,-83.3594,0.5886,0.93533,1.58908,1.2364,0.38504,0.0389,4.21238,2.25993,8.43441,2.01115,0.00951,0.0445,0.03599,0.028,0.058,0.5384,4.32,31.70642,0.39613,0.70035,0,0,47.48,28.24,2.9,0.61,0,16.03,1.22,2.6,0,0.92,0,0,0,0,0,0,47.48,28.24,2.9,0.61,0,16.03,1.22,2.6,0,0.92,0,0,0,0,0,0,47.02,30.38,2.9,0.61,0,15.27,1.22,2.6,0,0,0,0,0,0
85,NORO-505,Trail Creek,33.973184,-83.3327,2.8143,4.95286,1.75989,3.00676,0.31129,0.0168,2.99856,1.78381,8.01677,2.00564,0.01008,0.04537,0.01509,0.02578,0.02704,0.58123,9.84,34.40486,0.36506,0.62973,0,0,24.28,11.52,0.86,0.45,0.51,29.85,5.5,1.95,0,17.12,5.25,0,2.72,0,0,0,24.28,11.52,0.86,0.45,0.67,29.69,5.5,1.95,0,17.12,5.25,0,2.72,0,0,0,24.06,11.77,2.05,1.09,0.35,28.82,4,1.73,0.74,17.63,5.05,0,2.72,0
86,NORO-506,North Oconee River,33.966999,-83.390594,0.5193,0.55198,1.06294,0.97669,0.54438,0.0243,1.9876,1.01089,7.01458,2.25811,0.00506,0.02393,0.0245,0.02252,0.03321,0.6213,3.6,24.95667,0.50327,0.83276,0,0,25.95,52.77,14.71,0.52,0,6.06,0,0,0,0,0,0,0,0,0,0,25.95,52.77,14.71,0.52,0,6.06,0,0,0,0,0,0,0,0,0,0,21.97,50.17,19.9,1.9,0,6.06,0,0,0,0,0,0,0,0
87,NORO-510,North Oconee River,33.957,-83.3665,715.80334,1522.9841,2.12766,100.48337,0.07089,0.0013,4.48579,3.02292,8.99358,2.25249,0.04022,0.2294,0.00228,0.10782,0.00857,0.33273,247.38,85.49396,0.14691,0.30052,0.71,0,6.76,3.67,0.9,0.25,0.62,40.39,6.31,0.97,0.27,8.32,26.4,0.06,4.31,0.05,0.81,0,7.28,4.07,0.99,0.26,0.56,39.99,5.8,0.93,0.36,8.42,26.15,0.06,4.29,0.03,0.8,0,8.68,4.63,1.49,0.43,0.47,38.84,5.35,0.84,0.99,8.17,24.84,0.06,4.23,0.19
88,NORO-511,Trail Creek,33.9785,-83.3379,1.8117,2.78886,1.53936,2.67978,0.25228,0.0159,2.72039,1.53323,7.76287,2.27886,0.00943,0.04332,0.01616,0.02814,0.03218,0.56111,7.86,34.10035,0.36832,0.5669,0,0,15.4,22.75,12.27,6.31,0.85,14.41,15.65,1.39,0,5.86,3.68,0,1.44,0,0,0,16.94,22.8,12.57,6.66,0.85,13.31,14.8,1.39,0,6.36,2.88,0,1.44,0,0,0,16,20.86,19.18,11.18,0.85,12.42,9.79,1.39,0,5.61,1.34,0,1.39,0
89,NORO-512,Trail Creek,33.977489,-83.327788,6.5709,13.91705,2.11798,4.33618,0.34947,0.0113,2.42417,1.64164,7.82522,2.18211,0.00979,0.04838,0.01116,0.02284,0.01887,0.62113,15.42,36.18628,0.34709,0.66722,1.69,0,7.16,5.19,2.44,1.11,0,20.55,12.14,0.9,0.08,10.85,33.85,1.34,2.63,0.07,1.69,0,7.53,5.34,2.44,1.11,0,20.75,12.08,0.9,0.08,10.75,33.33,1.29,2.63,0.07,1.69,0,7.36,5.38,3.38,1.69,0.3,20.12,9.36,0.77,2.7,10.92,32.51,1.14,2.63,0.07
90,NORO-513,Trail Creek,33.989421,-83.350878,10.8954,22.38028,2.0541,5.92139,0.31074,0.0076,2.58581,1.43432,8.14337,2.20318,0.01173,0.06083,0.01027,0.02962,0.01843,0.55939,20.22,37.52486,0.33471,0.62916,0.94,0,16.3,10.85,3.94,0.22,0.22,30.08,12.35,1.44,0.28,9.51,11.6,0.03,2.22,0,0.94,0,16.34,10.9,3.95,0.22,0.22,30.08,12.35,1.44,0.28,9.5,11.52,0.03,2.22,0,0.94,0,16.73,10.9,5.74,0.32,0.17,28.97,9.32,1.39,1.65,11.44,10.18,0.03,2.22,0
91,NORO-514,Trail Creek,33.974,-83.3524,13.7673,27.96785,2.03147,8.02175,0.21395,0.0058,2.73979,1.61414,8.16011,2.20798,0.01422,0.06806,0.00849,0.03351,0.01834,0.54243,26.82,52.24789,0.24039,0.52206,0.75,0,16.78,14.21,5.9,1.24,0.18,28.12,11.35,1.37,0.28,8.33,9.26,0.03,2.2,0,0.75,0,16.94,14.45,6.2,1.33,0.23,27.84,10.98,1.37,0.28,8.21,9.2,0.03,2.2,0,0.75,0,16.96,13.66,8.99,1.68,0.14,26.8,8.51,1.33,1.45,9.4,8.11,0.03,2.2,0
92,NORO-515,Trail Creek,33.9606,-83.3626,31.2462,61.69102,1.97435,10.54426,0.28104,0.005,2.91956,1.80063,8.06693,2.18807,0.01439,0.07734,0.00733,0.03917,0.01384,0.54296,36.6,42.87113,0.29297,0.59834,0.7,0,15.83,13.84,5.02,1.88,0.21,26.81,10.45,1.37,0.14,8.71,12.1,0.29,2.62,0.01,0.7,0,16.35,14.2,5.2,1.95,0.43,26.03,10.18,1.33,0.28,8.6,11.87,0.28,2.59,0.01,0.7,0,16.24,13.6,7.9,2.73,0.23,25.04,7.94,1.26,1.31,9.07,11.02,0.25,2.57,0.14
93,NORO-517,North Oconee River,33.968,-83.3792,0.4995,1.15305,2.30841,1.33154,0.28172,0.0287,4.16123,2.29807,8.3018,1.94019,0.00927,0.04247,0.0319,0.0184,0.0601,0.56991,3.66,26.81802,0.46834,0.59907,0,0,18.31,47.04,27.83,4.31,0,1.26,0,0,0,1.26,0,0,0,0,0,0,18.31,47.04,27.83,4.31,0,1.26,0,0,0,1.26,0,0,0,0,0,0,18.13,44.17,28.55,6.64,0,1.26,0,0,0,1.26,0,0,0,0
94,NORO-518,North Oconee River,33.9668,-83.3976,0.3771,0.59743,1.58427,0.90426,0.46118,0.0377,3.46104,2.33686,7.68994,2.08414,0.00778,0.03452,0.03817,0.02179,0.05621,0.60147,3.24,27.83771,0.45119,0.76648,0,0,24.58,41.05,24.11,6.68,0,3.58,0,0,0,0,0,0,0,0,0,0,24.58,41.05,24.11,6.68,0,3.58,0,0,0,0,0,0,0,0,0,0,20.76,42.48,26.49,6.68,0,3.58,0,0,0,0,0,0,0,0
95,NORO-519,Trail Creek,33.9914,-83.3141,1.9287,4.02117,2.08491,1.95338,0.50546,0.0163,1.99269,1.1194,7.81959,2.25519,0.00623,0.02803,0.01435,0.01344,0.02018,0.64302,7.56,29.63322,0.42385,0.80244,1.54,0,5.84,2.29,1.4,0.33,0,28.9,12.14,0.61,0,22.92,19.8,2.05,1.96,0.23,1.54,0,5.84,2.29,1.4,0.33,0,29.74,12.14,0.61,0,22.6,19.28,2.05,1.96,0.23,1.54,0,5.84,2.1,1.59,0.33,0.51,29.74,12.14,0.61,0,22.6,19.28,1.54,1.96,0.23
96,NORO-520,North Oconee River,33.976495,-83.389937,4.2165,8.01154,1.90004,3.70706,0.30683,0.0164,3.24211,2.21964,8.15076,2.09997,0.01319,0.05305,0.01431,0.02792,0.02583,0.54476,12.66,38.01153,0.33043,0.62519,1.24,0,34.86,24.57,13.99,3.4,0.43,8.72,4.89,1,0.15,1.99,4.19,0,0.58,0,1.24,0,36.06,25.08,14.27,3.4,0.36,8.31,4.32,0.83,0.15,1.67,3.74,0,0.58,0,1.24,0,35.31,24.48,17.71,3.91,0,7.24,4.32,0.53,0.04,1.15,3.48,0,0.58,0
97,NORO-527,North Oconee River,33.9756,-83.3927,4.0401,7.76426,1.9218,3.45978,0.33752,0.0178,3.25295,2.21906,8.13706,2.08059,0.01284,0.05305,0.01533,0.0276,0.02639,0.55883,12,35.64268,0.35239,0.65571,1.29,0,36.34,24.28,12.55,2.74,0.45,9.03,5.11,1.05,0.16,2.05,4.37,0,0.6,0,1.29,0,37.58,24.81,12.84,2.74,0.38,8.61,4.5,0.87,0.16,1.72,3.9,0,0.6,0,1.29,0,36.8,24.39,16.23,3.28,0,7.49,4.5,0.56,0.05,1.18,3.63,0,0.6,0
98,NORO-601,Carr Creek,33.946784,-83.35366,3.2508,5.59121,1.71995,4.13346,0.19027,0.0128,2.61177,2.04549,7.98981,2.13096,0.01029,0.05144,0.01245,0.02991,0.02853,0.62178,11.76,42.54264,0.29523,0.49232,1.02,0,24.09,21.01,10.3,1.97,15.17,13.46,3.71,0,0.19,4.96,2.24,0,1.88,0,0.53,0,24.09,21.01,10.3,1.97,22.4,12.02,2.77,0,0.19,2.35,0.5,0,1.88,0,0.53,0,21.54,20.43,15.7,4.73,18.83,10.85,2.55,0,0,2.55,0.42,0,1.52,0.36
99,NORO-603,Carr Creek,33.9364,-83.3523,4.0833,7.19018,1.76087,5.44529,0.13771,0.012,2.99735,2.25432,8.0236,2.14064,0.01371,0.06418,0.01179,0.03645,0.03176,0.62404,15.42,58.23143,0.21569,0.41884,0.82,0,25.77,21.8,9.15,1.96,12.26,14.68,5.14,0.29,0.15,4.7,1.79,0,1.5,0,0.42,0,26.79,22.69,11.38,1.96,17.97,11.97,2.4,0,0.15,2.38,0.4,0,1.5,0,0.42,0,24.56,21.78,16.16,4.37,15.12,11,2.23,0,0,2.54,0.33,0,1.21,0.29
100,NORO-604,Carr Creek,33.9455,-83.3542,3.3003,5.75364,1.74337,4.29588,0.17883,0.0122,2.6738,2.13009,7.98484,2.14506,0.01058,0.05312,0.01237,0.03047,0.02924,0.62784,12.12,44.50941,0.28219,0.4773,1.01,0,24.19,21.24,10.39,1.99,14.94,13.44,3.65,0,0.19,4.88,2.21,0,1.85,0,0.52,0,24.19,21.24,10.39,1.99,22.06,12.03,2.73,0,0.19,2.32,0.49,0,1.85,0,0.52,0,21.68,20.64,15.74,4.72,18.54,10.88,2.51,0,0,2.51,0.41,0,1.5,0.36
101,NORO-605,North Oconee River,33.930475,-83.361442,767.11053,1626.16769,2.11986,106.31887,0.06786,0.0012,4.40475,2.99409,8.99358,2.25331,0.04011,0.23667,0.00223,0.11165,0.00855,0.34306,261.72,89.29268,0.14066,0.29402,0.72,0,7.63,4.75,1.35,0.39,0.66,39.25,6.39,0.97,0.26,8.17,25.17,0.07,4.17,0.05,0.8,0,8.17,5.15,1.46,0.4,0.64,38.81,5.87,0.94,0.35,8.25,24.92,0.07,4.15,0.03,0.79,0,9.44,5.62,2.16,0.61,0.53,37.66,5.36,0.84,0.98,8.02,23.65,0.06,4.09,0.18
102,NORO-607,Tanyard Creek,33.952856,-83.379294,0.8874,1.32338,1.4913,1.47338,0.40878,0.0351,3.5601,2.48443,7.81715,1.98702,0.0097,0.04411,0.02994,0.02958,0.04682,0.61477,5.46,33.59432,0.37387,0.72162,0,0,17.19,48.84,17.49,16.48,0,0,0,0,0,0,0,0,0,0,0,0,17.19,48.84,17.49,16.48,0,0,0,0,0,0,0,0,0,0,0,0,15.88,45.91,20.63,17.59,0,0,0,0,0,0,0,0,0,0
103,NORO-609,North Oconee River,33.907424,-83.36021,773.91003,1641.2922,2.12078,111.1095,0.06269,0.0012,4.40904,2.99522,8.99358,2.25637,0.04028,0.24168,0.00218,0.11396,0.00869,0.3547,266.46,91.74313,0.1369,0.28259,0.72,0,7.78,4.85,1.37,0.39,0.67,39.15,6.38,0.98,0.26,8.12,25.04,0.07,4.16,0.05,0.81,0,8.34,5.26,1.49,0.4,0.64,38.7,5.87,0.94,0.34,8.19,24.79,0.07,4.14,0.03,0.8,0,9.59,5.73,2.19,0.61,0.52,37.55,5.36,0.85,0.97,7.97,23.53,0.06,4.08,0.18
104,NORO-610,North Oconee River,33.9522,-83.3687,748.73615,1588.77537,2.12194,101.06795,0.0733,0.0013,4.42038,2.99714,8.99358,2.25087,0.03999,0.2294,0.00227,0.10811,0.00838,0.32663,255.66,87.29649,0.14388,0.30557,0.71,0,7.22,4.16,1.09,0.33,0.6,39.76,6.47,0.98,0.27,8.32,25.74,0.07,4.23,0.05,0.8,0,7.74,4.55,1.18,0.34,0.56,39.34,5.97,0.95,0.35,8.42,25.49,0.07,4.21,0.03,0.79,0,9.07,5.07,1.78,0.53,0.46,38.2,5.45,0.85,1,8.19,24.21,0.07,4.16,0.19
105,NORO-611,Carr Creek Trib,33.9435,-83.3297,0.306,0.31349,1.02449,0.94669,0.34143,0.0251,1.61885,1.10068,7.95553,1.75957,0.00506,0.0193,0.02039,0.01884,0.03489,0.59605,2.76,24.89412,0.50454,0.6595,0,0,39.12,36.18,24.71,0,0,0,0,0,0,0,0,0,0,0,0,0,39.12,36.18,24.71,0,0,0,0,0,0,0,0,0,0,0,0,0,37.65,34.71,27.65,0,0,0,0,0,0,0,0,0,0,0
106,NORO-615,Tanyard Creek,33.949823,-83.376326,2.0655,3.45011,1.67035,1.92037,0.56009,0.0299,3.70245,2.62413,7.729,1.96796,0.01208,0.05042,0.02626,0.03019,0.03508,0.62479,9.18,40.8,0.30784,0.84468,0,0,20.07,52.85,17.81,8.62,0,0.65,0,0,0,0,0,0,0,0,0,0,20.07,52.85,17.81,8.62,0,0.65,0,0,0,0,0,0,0,0,0,0,18.72,50.24,21.42,8.97,0,0.65,0,0,0,0,0,0,0,0
107,NORO-618,Tanyard Creek,33.947605,-83.37993,0.4419,0.69426,1.57109,1.25912,0.27874,0.0352,3.13106,3.14261,7.21689,1.70431,0.00912,0.04064,0.03227,0.02586,0.06113,0.66154,4.32,42.23218,0.2974,0.59588,0,0,35.85,52.55,8.55,0,0,3.06,0,0,0,0,0,0,0,0,0,0,35.85,52.55,8.55,0,0,3.06,0,0,0,0,0,0,0,0,0,0,35.85,50.31,9.57,1.22,0,3.06,0,0,0,0,0,0,0,0
108,NORO-627,North Oconee River,33.940059,-83.36692,1.5705,2.79037,1.77674,2.29066,0.29931,0.026,3.62655,2.01217,8.22207,2.06929,0.01457,0.06019,0.02628,0.03388,0.04803,0.51387,7.32,34.11805,0.36813,0.61748,0,0,23.58,41.96,26.22,5.09,0,3.03,0,0,0,0,0,0,0.11,0,0,0,23.58,41.96,26.22,5.09,0,3.03,0,0,0,0,0,0,0.11,0,0,0,22.73,37.78,30.57,7.33,0,1.6,0,0,0,0,0,0,0,0
109,NORO-404,Sandy Creek,34.0248,-83.3811,120.5127029,256.8341449,2.131179026,27.21183586,0.162748555,0.002105779,3.732222905,2.099830086,8.208922474,2.205406864,0.018843219,0.099630386,0.003661289,0.046748952,0.009075601,0.491859195,78.24,50.79545517,0.247391633,0.455211925,1.706,0,5.34,2.782,0.444,0.136,0.465,34.04,4.931,0.861,0.185,7.677,38.471,0.237,2.699,0.028,1.737,0,5.381,2.859,0.461,0.136,0.4,34.309,4.608,0.833,0.202,7.549,38.555,0.237,2.692,0.042,1.682,0,7.164,3.29,0.909,0.285,0.293,33.185,3.961,0.73,0.555,7.881,37.04,0.23,2.664,0.132
110,NORO-516,North Oconee River,33.9629,-83.3805,0.170100003,0.222426407,1.307621413,0.656984866,0.394088346,0.046770853,3.74412243,2.612251691,8.267580464,1.787781792,0.005488457,0.03057843,0.046543584,0.023384773,0.074141783,0.637973617,2.04,24.46560796,0.513634104,0.708356454,0,0,15.426,33.511,38.83,10.638,0,1.596,0,0,0,0,0,0,0,0,0,0,15.426,33.511,38.83,10.638,0,1.596,0,0,0,0,0,0,0,0,0,0,15.426,31.383,36.17,15.426,0,1.596,0,0,0,0,0,0,0,0
111,NORO-612,Carr Creek Trib,33.9393,-83.3338,0.769500017,1.315035713,1.708948257,1.213675141,0.522400664,0.036007976,2.501666658,2.418322763,7.662981529,1.744861506,0.007009689,0.036403793,0.029994677,0.02130187,0.041499448,0.67216865,4.98,32.22923905,0.389905905,0.815561882,1.05,0,40.14,31.972,6.651,1.284,0,13.769,2.1,0,0,0.933,2.1,0,0,0,1.05,0,40.14,31.972,6.651,1.867,0,13.769,2.1,0,0,0.35,2.1,0,0,0,1.05,0,40.257,28.238,10.852,1.284,0,13.769,2.1,0,0,0.35,2.1,0,0,0